Timestamp,PM2.5 (µg/m³),PM10 (µg/m³),NO (µg/m³),NO2 (µg/m³),NOx (ppb),NH3 (µg/m³),SO2 (µg/m³),CO (mg/m³),Ozone (µg/m³),Benzene (µg/m³),Toluene (µg/m³),Xylene (µg/m³),O Xylene (µg/m³),Eth-Benzene (µg/m³),MP-Xylene (µg/m³),AT (°C),RH (%),WS (m/s),WD (deg),RF (mm),TOT-RF (mm),SR (W/mt2),BP (mmHg),VWS (m/s)
2025-01-01 00:00:00,148.86,296.19,NA,64.10,NA,NA,20.81,NA,NA,0.00,NA,NA,NA,NA,NA,NA,89.25,0.73,136.39,0.00,0.00,217.78,NA,NA
2025-01-02 00:00:00,122.12,245.69,NA,63.41,NA,NA,17.87,NA,NA,0.00,NA,NA,NA,NA,NA,NA,92.14,0.76,139.32,0.00,0.00,218.03,NA,NA
2025-01-03 00:00:00,190.83,375.22,NA,71.72,NA,NA,23.24,NA,NA,0.00,NA,NA,NA,NA,NA,NA,86.11,0.86,151.45,0.00,0.00,218.16,NA,NA
2025-01-04 00:00:00,195.50,384.31,NA,69.24,NA,NA,23.43,NA,NA,0.00,NA,NA,NA,NA,NA,NA,92.45,0.71,146.15,0.00,0.00,218.17,NA,NA
2025-01-05 00:00:00,145.05,290.61,NA,60.10,NA,NA,18.18,NA,NA,0.00,NA,NA,NA,NA,NA,NA,96.57,0.47,154.10,0.00,0.00,218.08,NA,NA
2025-01-06 00:00:00,147.54,267.65,NA,70.72,NA,NA,19.51,NA,NA,0.00,NA,NA,NA,NA,NA,NA,86.87,0.74,159.10,0.00,0.00,218.38,NA,NA
2025-01-07 00:00:00,120.95,225.35,NA,72.19,NA,NA,21.84,NA,NA,0.00,NA,NA,NA,NA,NA,NA,92.34,0.54,160.03,0.00,0.00,218.23,NA,NA
2025-01-08 00:00:00,104.03,168.71,NA,70.18,NA,NA,22.02,NA,NA,0.00,NA,NA,NA,NA,NA,NA,87.80,0.72,157.98,0.00,0.00,218.04,NA,NA
2025-01-09 00:00:00,153.34,272.59,NA,80.16,NA,NA,21.50,NA,NA,0.00,NA,NA,NA,NA,NA,NA,86.04,0.54,157.17,0.00,0.00,217.97,NA,NA
2025-01-10 00:00:00,149.59,364.80,NA,71.66,NA,NA,15.44,NA,NA,0.00,NA,NA,NA,NA,NA,NA,92.84,0.66,161.66,0.00,0.00,218.10,NA,NA
2025-01-11 00:00:00,94.97,202.44,NA,72.92,NA,NA,18.23,NA,NA,0.00,NA,NA,NA,NA,NA,NA,97.02,0.51,158.21,0.00,0.00,218.14,NA,NA
2025-01-12 00:00:00,79.87,185.27,NA,68.09,NA,NA,20.50,NA,NA,0.00,NA,NA,NA,NA,NA,NA,93.03,0.61,157.76,0.00,0.00,218.30,NA,NA
2025-01-13 00:00:00,80.84,201.43,NA,67.12,NA,NA,19.96,NA,NA,0.00,NA,NA,NA,NA,NA,NA,91.36,0.75,156.43,0.00,0.00,218.29,NA,NA
2025-01-14 00:00:00,112.77,254.75,NA,73.04,NA,NA,20.51,NA,NA,0.00,NA,NA,NA,NA,NA,NA,86.99,0.77,156.56,0.00,0.00,218.27,NA,NA
2025-01-15 00:00:00,180.02,365.51,NA,72.41,NA,NA,19.29,NA,NA,0.00,NA,NA,NA,NA,NA,NA,94.86,0.61,157.86,0.00,0.00,218.14,NA,NA
2025-01-16 00:00:00,97.92,184.67,NA,77.73,NA,NA,21.19,NA,NA,0.00,NA,NA,NA,NA,NA,NA,93.78,0.64,161.67,0.00,0.00,218.35,NA,NA
2025-01-17 00:00:00,93.22,268.16,NA,83.59,NA,NA,15.61,NA,NA,0.00,NA,NA,NA,NA,NA,NA,86.69,0.64,162.71,0.00,0.00,218.29,NA,NA
2025-01-18 00:00:00,104.34,308.02,NA,86.01,NA,NA,16.09,NA,NA,0.00,NA,NA,NA,NA,NA,NA,85.77,0.71,162.31,0.00,0.00,218.43,NA,NA
2025-01-19 00:00:00,148.00,427.61,NA,86.46,NA,NA,19.48,NA,NA,0.00,NA,NA,NA,NA,NA,NA,82.18,0.68,164.47,0.00,0.00,218.59,NA,NA
2025-01-20 00:00:00,111.34,286.36,NA,82.49,NA,NA,13.74,NA,NA,0.00,NA,NA,NA,NA,NA,NA,82.14,0.43,193.86,0.00,0.00,218.62,NA,NA
2025-01-21 00:00:00,88.06,228.75,NA,85.73,NA,NA,5.37,NA,NA,0.00,NA,NA,NA,NA,NA,NA,52.30,0.47,225.72,0.00,0.00,219.06,NA,NA
2025-01-22 00:00:00,233.92,NA,NA,92.61,NA,NA,13.66,NA,NA,0.00,NA,NA,NA,NA,NA,NA,78.80,0.32,184.79,0.00,0.00,218.59,NA,NA
2025-01-23 00:00:00,79.91,108.15,NA,82.19,NA,NA,21.92,NA,NA,0.00,NA,NA,NA,NA,NA,NA,76.52,0.67,168.66,0.00,0.00,218.57,NA,NA
2025-01-24 00:00:00,72.06,102.14,NA,75.95,NA,NA,38.05,NA,NA,0.00,NA,NA,NA,NA,NA,NA,97.02,0.49,158.06,0.00,0.00,217.97,NA,NA
2025-01-25 00:00:00,NA,NA,NA,NA,NA,NA,NA,NA,NA,NA,NA,NA,NA,NA,NA,NA,NA,NA,NA,NA,0.00,NA,NA,NA
2025-01-26 00:00:00,NA,NA,NA,NA,NA,NA,NA,NA,NA,NA,NA,NA,NA,NA,NA,NA,NA,NA,NA,NA,0.00,NA,NA,NA
2025-01-27 00:00:00,111.40,123.38,NA,90.51,NA,NA,12.89,NA,NA,0.00,NA,NA,NA,NA,NA,NA,73.98,0.56,226.76,0.00,0.00,218.62,NA,NA
2025-01-28 00:00:00,97.73,134.34,NA,83.94,NA,NA,26.29,NA,NA,0.00,NA,NA,NA,NA,NA,NA,74.71,0.37,214.55,0.00,0.00,218.24,NA,NA
2025-01-29 00:00:00,147.19,224.44,NA,84.35,NA,NA,29.84,NA,NA,0.00,NA,NA,NA,NA,NA,NA,79.55,0.41,191.17,0.00,0.00,218.41,NA,NA
2025-01-30 00:00:00,146.00,206.70,NA,76.12,NA,NA,23.34,NA,NA,0.00,NA,NA,NA,NA,NA,NA,83.09,0.33,200.89,0.00,0.00,218.55,NA,NA
2025-01-31 00:00:00,151.58,200.82,NA,74.41,NA,NA,19.29,NA,NA,0.00,NA,NA,NA,NA,NA,NA,81.42,0.38,196.08,0.00,0.00,218.65,NA,NA
2025-02-01 00:00:00,132.74,206.03,NA,73.10,NA,NA,20.01,NA,NA,0.00,NA,NA,NA,NA,NA,NA,83.60,0.42,188.93,0.00,0.00,218.63,NA,NA
2025-02-02 00:00:00,64.17,187.56,NA,71.50,NA,NA,17.27,NA,NA,0.00,NA,NA,NA,NA,NA,NA,85.80,0.37,190.98,0.00,0.00,218.55,NA,NA
2025-02-03 00:00:00,50.97,143.87,NA,73.23,NA,NA,18.09,NA,NA,0.00,NA,NA,NA,NA,NA,NA,81.75,0.36,189.04,0.00,0.00,218.42,NA,NA
2025-02-04 00:00:00,84.92,173.06,NA,74.10,NA,NA,19.60,NA,NA,0.00,NA,NA,NA,NA,NA,NA,78.93,0.40,214.82,0.00,0.00,218.70,NA,NA
2025-02-05 00:00:00,97.26,135.74,NA,73.99,NA,NA,17.89,NA,NA,0.00,NA,NA,NA,NA,NA,NA,70.57,0.46,293.40,0.00,0.00,218.59,NA,NA
2025-02-06 00:00:00,48.96,103.47,NA,75.71,NA,NA,18.31,NA,NA,0.00,NA,NA,NA,NA,NA,NA,65.29,0.46,283.83,0.00,0.00,218.54,NA,NA
2025-02-07 00:00:00,58.78,97.29,NA,74.72,NA,NA,18.98,NA,NA,0.00,NA,NA,NA,NA,NA,NA,55.25,0.44,270.54,0.00,0.00,218.58,NA,NA
2025-02-08 00:00:00,65.73,98.99,NA,74.77,NA,NA,19.60,NA,NA,0.00,NA,NA,NA,NA,NA,NA,59.81,0.39,253.11,0.00,0.00,218.62,NA,NA
2025-02-09 00:00:00,84.88,116.80,NA,75.24,NA,NA,16.40,NA,NA,0.00,NA,NA,NA,NA,NA,NA,68.64,0.40,248.67,0.00,0.00,218.60,NA,NA
2025-02-10 00:00:00,128.12,172.60,NA,71.30,NA,NA,17.02,NA,NA,0.00,NA,NA,NA,NA,NA,NA,83.29,0.42,248.53,0.00,0.00,218.46,NA,NA
2025-02-11 00:00:00,NA,NA,NA,NA,NA,NA,NA,NA,NA,NA,NA,NA,NA,NA,NA,NA,NA,NA,NA,NA,0.00,NA,NA,NA
2025-02-12 00:00:00,NA,NA,NA,NA,NA,NA,NA,NA,NA,NA,NA,NA,NA,NA,NA,NA,NA,NA,NA,NA,0.00,NA,NA,NA
2025-02-13 00:00:00,NA,NA,NA,NA,NA,NA,NA,NA,NA,NA,NA,NA,NA,NA,NA,NA,NA,NA,NA,NA,0.00,NA,NA,NA
2025-02-14 00:00:00,68.29,180.26,NA,65.61,NA,NA,18.67,NA,NA,0.00,NA,NA,NA,NA,NA,NA,43.93,0.41,238.29,0.00,0.00,219.01,NA,NA
2025-02-15 00:00:00,148.55,244.26,NA,61.49,NA,NA,17.88,NA,NA,0.00,NA,NA,NA,NA,NA,NA,89.04,0.22,191.15,0.00,0.00,218.27,NA,NA
2025-02-16 00:00:00,NA,NA,NA,NA,NA,NA,NA,NA,NA,NA,NA,NA,NA,NA,NA,NA,NA,NA,NA,NA,0.00,NA,NA,NA
2025-02-17 00:00:00,109.05,230.86,NA,67.30,NA,NA,23.17,NA,NA,0.00,NA,NA,NA,NA,NA,NA,50.46,0.57,272.55,0.00,0.00,219.24,NA,NA
2025-02-18 00:00:00,150.64,210.00,NA,69.53,NA,NA,18.12,NA,NA,0.00,NA,NA,NA,NA,NA,NA,86.75,0.44,267.55,0.00,0.00,218.92,NA,NA
2025-02-19 00:00:00,NA,238.34,NA,67.28,NA,NA,NA,NA,NA,0.00,NA,NA,NA,NA,NA,NA,NA,0.23,243.78,0.00,0.00,218.34,NA,NA
2025-02-20 00:00:00,108.79,141.89,NA,73.31,NA,NA,19.66,NA,NA,0.00,NA,NA,NA,NA,NA,NA,63.96,0.41,262.24,0.00,0.00,219.02,NA,NA
2025-02-21 00:00:00,113.57,194.18,NA,70.72,NA,NA,22.32,NA,NA,0.00,NA,NA,NA,NA,NA,NA,72.50,0.43,287.02,0.00,0.00,218.86,NA,NA
2025-02-22 00:00:00,88.43,139.64,NA,67.52,NA,NA,24.34,NA,NA,0.00,NA,NA,NA,NA,NA,NA,75.47,0.48,289.76,0.00,0.00,218.77,NA,NA
2025-02-23 00:00:00,40.45,94.82,NA,60.90,NA,NA,23.07,NA,NA,0.00,NA,NA,NA,NA,NA,NA,71.61,0.43,280.11,0.00,0.00,218.72,NA,NA
2025-02-24 00:00:00,75.62,134.87,NA,67.61,NA,NA,20.87,NA,NA,0.00,NA,NA,NA,NA,NA,NA,73.72,0.38,270.09,0.00,0.00,218.67,NA,NA
2025-02-25 00:00:00,93.60,159.16,NA,78.50,NA,NA,23.60,NA,NA,0.00,NA,NA,NA,NA,NA,NA,71.91,0.40,284.24,0.00,0.00,218.82,NA,NA
2025-02-26 00:00:00,100.88,224.23,NA,72.59,NA,NA,23.34,NA,NA,0.00,NA,NA,NA,NA,NA,NA,73.12,0.67,299.54,0.00,0.00,218.97,NA,NA
2025-02-27 00:00:00,70.31,108.63,NA,62.02,NA,NA,25.76,NA,NA,0.00,NA,NA,NA,NA,NA,NA,70.10,0.48,303.06,0.00,0.00,218.99,NA,NA
2025-02-28 00:00:00,78.93,107.58,NA,65.52,NA,NA,22.79,NA,NA,0.00,NA,NA,NA,NA,NA,NA,72.85,0.47,296.51,0.00,0.00,218.99,NA,NA
2025-03-01 00:00:00,70.18,91.93,NA,64.08,NA,NA,25.05,NA,NA,0.00,NA,NA,NA,NA,NA,NA,78.09,0.38,281.44,0.00,0.00,219.04,NA,NA
2025-03-02 00:00:00,49.78,81.23,NA,68.34,NA,NA,23.42,NA,NA,0.00,NA,NA,NA,NA,NA,NA,65.74,0.70,301.98,0.00,0.00,218.86,NA,NA
2025-03-03 00:00:00,57.24,120.27,NA,70.30,NA,NA,24.03,NA,NA,0.00,NA,NA,NA,NA,NA,NA,59.46,0.61,284.45,0.00,0.00,218.89,NA,NA
2025-03-04 00:00:00,64.75,124.68,NA,64.46,NA,NA,17.39,NA,NA,0.00,NA,NA,NA,NA,NA,NA,65.43,0.55,270.13,0.00,0.00,218.83,NA,NA
2025-03-05 00:00:00,34.06,127.76,NA,69.71,NA,NA,8.36,NA,NA,0.00,NA,NA,NA,NA,NA,NA,46.67,0.40,250.06,0.00,0.00,218.72,NA,NA
2025-03-06 00:00:00,66.21,144.45,NA,71.47,NA,NA,16.32,NA,NA,0.00,NA,NA,NA,NA,NA,NA,43.49,0.47,208.48,0.00,0.00,218.71,NA,NA
2025-03-07 00:00:00,89.34,147.43,NA,70.69,NA,NA,20.79,NA,NA,0.00,NA,NA,NA,NA,NA,NA,64.92,0.40,213.64,0.00,0.00,218.77,NA,NA
2025-03-08 00:00:00,46.74,128.45,NA,83.99,NA,NA,12.56,NA,NA,0.00,NA,NA,NA,NA,NA,NA,61.11,0.52,239.85,0.00,0.00,216.80,NA,NA
2025-03-09 00:00:00,69.01,268.94,NA,103.41,NA,NA,20.81,NA,NA,0.00,NA,NA,NA,NA,NA,NA,64.07,NA,NA,0.00,0.00,210.00,NA,NA
2025-03-10 00:00:00,93.53,190.20,NA,88.96,NA,NA,16.40,NA,NA,0.00,NA,NA,NA,NA,NA,NA,74.78,0.56,229.71,0.00,0.00,213.75,NA,NA
2025-03-11 00:00:00,125.24,222.43,NA,92.80,NA,NA,26.66,NA,NA,0.00,NA,NA,NA,NA,NA,NA,71.98,0.44,234.43,0.00,0.00,219.08,NA,NA
2025-03-12 00:00:00,113.96,275.15,NA,90.37,NA,NA,23.48,NA,NA,0.00,NA,NA,NA,NA,NA,NA,69.23,0.53,243.66,0.00,0.00,219.19,NA,NA
2025-03-13 00:00:00,89.43,198.97,NA,89.62,NA,NA,24.65,NA,NA,0.00,NA,NA,NA,NA,NA,NA,63.65,0.39,235.68,0.00,0.00,219.19,NA,NA
2025-03-14 00:00:00,73.00,113.48,NA,58.81,NA,NA,18.82,NA,NA,0.00,NA,NA,NA,NA,NA,NA,60.92,0.45,237.73,0.00,0.00,219.24,NA,NA
2025-03-15 00:00:00,48.02,132.10,NA,52.58,NA,NA,15.34,NA,NA,0.00,NA,NA,NA,NA,NA,NA,50.54,0.53,219.95,0.00,0.00,219.28,NA,NA
2025-03-16 00:00:00,42.64,72.60,NA,51.48,NA,NA,17.61,NA,NA,0.00,NA,NA,NA,NA,NA,NA,58.49,0.46,232.92,0.00,0.00,219.11,NA,NA
2025-03-17 00:00:00,47.48,97.92,NA,62.09,NA,NA,24.47,NA,NA,0.00,NA,NA,NA,NA,NA,NA,76.03,0.40,239.18,0.00,0.00,219.04,NA,NA
2025-03-18 00:00:00,63.37,128.12,NA,72.83,NA,NA,18.19,NA,NA,0.00,NA,NA,NA,NA,NA,NA,63.71,0.39,218.85,0.00,0.00,218.99,NA,NA
2025-03-19 00:00:00,73.06,138.99,NA,82.64,NA,NA,23.54,NA,NA,0.00,NA,NA,NA,NA,NA,NA,53.96,0.48,200.43,0.00,0.00,219.14,NA,NA
2025-03-20 00:00:00,55.91,100.60,NA,74.59,NA,NA,25.79,NA,NA,0.00,NA,NA,NA,NA,NA,NA,56.08,0.48,200.79,0.00,0.00,219.14,NA,NA
2025-03-21 00:00:00,74.43,125.61,NA,72.96,NA,NA,21.53,NA,NA,0.00,NA,NA,NA,NA,NA,NA,56.98,0.57,181.49,0.00,0.00,219.10,NA,NA
2025-03-22 00:00:00,64.15,128.62,NA,71.06,NA,NA,21.15,NA,NA,0.00,NA,NA,NA,NA,NA,NA,58.19,0.58,185.75,0.00,0.00,219.15,NA,NA
2025-03-23 00:00:00,70.99,142.98,NA,61.46,NA,NA,23.90,NA,NA,0.00,NA,NA,NA,NA,NA,NA,52.29,0.66,194.91,0.00,0.00,219.26,NA,NA
2025-03-24 00:00:00,80.59,136.63,NA,85.86,NA,NA,26.29,NA,NA,0.00,NA,NA,NA,NA,NA,NA,39.98,0.61,211.30,0.00,0.00,219.19,NA,NA
2025-03-25 00:00:00,99.47,157.23,NA,79.67,NA,NA,29.11,NA,NA,NA,NA,NA,NA,NA,NA,NA,51.45,0.75,177.81,0.00,0.00,219.17,NA,NA
2025-03-26 00:00:00,111.28,193.66,NA,68.15,NA,NA,28.42,NA,NA,NA,NA,NA,NA,NA,NA,NA,72.02,0.52,173.26,0.00,0.00,219.01,NA,NA
2025-03-27 00:00:00,NA,NA,NA,NA,NA,NA,NA,NA,NA,NA,NA,NA,NA,NA,NA,NA,NA,NA,NA,NA,0.00,NA,NA,NA
2025-03-28 00:00:00,56.74,178.97,NA,43.96,NA,NA,25.46,NA,NA,NA,NA,NA,NA,NA,NA,NA,23.06,1.04,176.49,0.00,0.00,219.31,NA,NA
2025-03-29 00:00:00,46.90,126.88,NA,43.70,NA,NA,24.60,NA,NA,NA,NA,NA,NA,NA,NA,NA,30.07,0.65,185.52,0.00,0.00,219.05,NA,NA
2025-03-30 00:00:00,48.15,101.70,NA,54.01,NA,NA,20.95,NA,NA,NA,NA,NA,NA,NA,NA,NA,35.22,0.63,186.87,0.00,0.00,219.02,NA,NA
2025-03-31 00:00:00,73.70,132.53,NA,59.61,NA,NA,30.08,NA,NA,NA,NA,NA,NA,NA,NA,NA,39.21,0.60,189.80,0.00,0.00,219.05,NA,NA
2025-04-01 00:00:00,66.60,135.23,NA,48.77,NA,NA,35.22,NA,NA,NA,NA,NA,NA,NA,NA,NA,34.47,0.76,187.37,0.00,0.00,219.15,NA,NA
2025-04-02 00:00:00,63.23,141.96,NA,80.91,NA,NA,42.25,NA,NA,NA,NA,NA,NA,NA,NA,NA,31.99,0.69,212.51,0.00,0.00,219.34,NA,NA
2025-04-03 00:00:00,72.70,154.32,NA,78.19,NA,NA,28.85,NA,NA,NA,NA,NA,NA,NA,NA,NA,40.07,0.60,178.59,0.00,0.00,219.24,NA,NA
2025-04-04 00:00:00,70.79,168.99,NA,69.94,NA,NA,38.06,NA,NA,NA,NA,NA,NA,NA,NA,NA,33.97,0.63,186.64,0.00,0.00,219.30,NA,NA
2025-04-05 00:00:00,65.16,134.50,NA,57.07,NA,NA,31.18,NA,NA,NA,NA,NA,NA,NA,NA,NA,38.59,0.67,185.77,0.00,0.00,219.21,NA,NA
2025-04-06 00:00:00,81.14,152.51,NA,68.21,NA,NA,37.28,NA,NA,NA,NA,NA,NA,NA,NA,NA,42.61,0.66,185.73,0.00,0.00,219.23,NA,NA
2025-04-07 00:00:00,79.66,188.03,NA,100.75,NA,NA,42.65,NA,NA,NA,NA,NA,NA,NA,NA,NA,31.63,0.73,188.79,0.00,0.00,219.50,NA,NA
2025-04-08 00:00:00,104.48,232.97,NA,59.15,NA,NA,31.54,NA,NA,NA,NA,NA,NA,NA,NA,NA,42.98,0.62,193.82,0.00,0.00,219.48,NA,NA
2025-04-09 00:00:00,100.84,205.86,NA,53.37,NA,NA,24.41,NA,NA,NA,NA,NA,NA,NA,NA,NA,45.24,0.56,199.25,0.00,0.00,219.55,NA,NA
2025-04-10 00:00:00,88.90,191.39,NA,37.99,NA,NA,30.93,NA,NA,NA,NA,NA,NA,NA,NA,NA,40.42,0.50,231.09,0.00,0.00,219.57,NA,NA
2025-04-11 00:00:00,64.24,136.19,NA,19.58,NA,NA,24.28,NA,NA,NA,NA,NA,NA,NA,NA,NA,53.84,0.51,226.68,0.00,0.00,219.40,NA,NA
2025-04-12 00:00:00,49.70,75.73,NA,40.46,NA,NA,26.76,NA,NA,NA,NA,NA,NA,NA,NA,NA,53.33,0.59,236.32,0.00,0.00,219.34,NA,NA
2025-04-13 00:00:00,54.01,81.70,NA,67.31,NA,NA,28.07,NA,NA,NA,NA,NA,NA,NA,NA,NA,45.88,0.52,198.51,0.00,0.00,219.40,NA,NA
2025-04-14 00:00:00,72.54,108.34,NA,35.55,NA,NA,24.20,NA,NA,NA,NA,NA,NA,NA,NA,NA,47.97,0.64,196.55,0.00,0.00,219.42,NA,NA
2025-04-15 00:00:00,50.90,129.83,NA,76.66,NA,NA,21.03,NA,NA,0.00,NA,NA,NA,NA,NA,NA,46.52,0.48,206.90,0.00,0.00,219.31,NA,NA
2025-04-16 00:00:00,68.44,165.88,NA,64.64,NA,NA,14.31,NA,NA,0.00,NA,NA,NA,NA,NA,NA,49.39,0.39,211.85,0.00,0.00,219.23,NA,NA
2025-04-17 00:00:00,52.07,125.76,NA,87.51,NA,NA,10.14,NA,NA,0.00,NA,NA,NA,NA,NA,NA,41.64,0.54,192.84,0.00,0.00,219.49,NA,NA
2025-04-18 00:00:00,121.46,156.94,NA,47.48,NA,NA,7.22,NA,NA,0.00,NA,NA,NA,NA,NA,NA,45.94,0.52,211.09,0.00,0.00,219.53,NA,NA
2025-04-19 00:00:00,81.95,132.82,NA,33.95,NA,NA,6.69,NA,NA,0.00,NA,NA,NA,NA,NA,NA,48.46,0.45,215.73,0.00,0.00,219.63,NA,NA
2025-04-20 00:00:00,60.15,107.59,NA,41.67,NA,NA,8.82,NA,NA,0.00,NA,NA,NA,NA,NA,NA,49.11,0.52,214.65,0.00,0.00,219.50,NA,NA
2025-04-21 00:00:00,96.38,142.92,NA,54.30,NA,NA,9.01,NA,NA,0.00,NA,NA,NA,NA,NA,NA,47.02,0.67,219.59,0.00,0.00,219.36,NA,NA
2025-04-22 00:00:00,69.94,130.84,NA,87.53,NA,NA,9.05,NA,NA,0.00,NA,NA,NA,NA,NA,NA,22.35,0.96,173.61,0.00,0.00,219.15,NA,NA
2025-04-23 00:00:00,88.36,110.54,NA,71.51,NA,NA,15.11,NA,NA,0.00,NA,NA,NA,NA,NA,NA,33.47,0.63,170.90,0.00,0.00,218.17,NA,NA
2025-04-24 00:00:00,50.75,106.40,NA,40.36,NA,NA,17.38,NA,NA,0.00,NA,NA,NA,NA,NA,NA,10.89,6.70,20.12,0.00,0.00,220.30,NA,NA
2025-04-25 00:00:00,50.85,75.49,NA,132.78,NA,NA,10.16,NA,NA,0.00,NA,NA,NA,NA,NA,NA,30.65,1.31,171.35,0.00,0.00,219.48,NA,NA
2025-04-26 00:00:00,72.17,136.96,NA,95.77,NA,NA,6.63,NA,NA,0.00,NA,NA,NA,NA,NA,NA,33.08,2.29,209.39,0.00,0.00,219.83,NA,NA
2025-04-27 00:00:00,70.80,176.20,NA,83.69,NA,NA,10.26,NA,NA,0.00,NA,NA,NA,NA,NA,NA,28.10,2.09,213.37,0.00,0.00,219.93,NA,NA
2025-04-28 00:00:00,125.97,273.61,NA,68.50,NA,NA,10.68,NA,NA,0.00,NA,NA,NA,NA,NA,NA,35.32,1.42,207.92,0.00,0.00,219.71,NA,NA
2025-04-29 00:00:00,89.38,166.24,NA,22.93,NA,NA,7.41,NA,NA,0.00,NA,NA,NA,NA,NA,NA,46.06,0.57,179.24,0.00,0.00,219.48,NA,NA
2025-04-30 00:00:00,NA,NA,NA,NA,NA,NA,NA,NA,NA,NA,NA,NA,NA,NA,NA,NA,NA,NA,NA,NA,0.00,NA,NA,NA
2025-05-01 00:00:00,77.48,105.57,NA,43.65,NA,NA,6.47,NA,NA,0.00,NA,NA,NA,NA,NA,NA,53.84,0.63,191.71,0.00,0.00,219.34,NA,NA
2025-05-02 00:00:00,47.08,92.20,NA,37.18,NA,NA,1.86,NA,NA,0.00,NA,NA,NA,NA,NA,NA,73.35,1.09,171.34,0.00,0.00,219.21,NA,NA
2025-05-03 00:00:00,109.55,287.84,NA,44.12,NA,NA,3.89,NA,NA,0.00,NA,NA,NA,NA,NA,NA,68.78,0.72,180.14,0.00,0.00,218.77,NA,NA
2025-05-04 00:00:00,134.69,261.16,NA,56.71,NA,NA,4.28,NA,NA,0.00,NA,NA,NA,NA,NA,NA,60.21,1.01,308.46,0.00,0.00,218.97,NA,NA
2025-05-05 00:00:00,58.69,85.60,NA,51.96,NA,NA,3.06,NA,NA,0.00,NA,NA,NA,NA,NA,NA,58.24,1.06,325.14,0.00,0.00,219.01,NA,NA
2025-05-06 00:00:00,71.76,108.57,NA,50.81,NA,NA,3.44,NA,NA,0.00,NA,NA,NA,NA,NA,NA,57.70,1.40,327.33,0.00,0.00,219.21,NA,NA
2025-05-07 00:00:00,50.42,135.46,NA,44.04,NA,NA,7.44,NA,NA,0.00,NA,NA,NA,NA,NA,NA,63.75,1.12,322.13,0.00,0.00,219.23,NA,NA
2025-05-08 00:00:00,55.95,138.75,NA,60.13,NA,NA,5.35,NA,NA,0.00,NA,NA,NA,NA,NA,NA,60.89,1.01,299.95,0.00,0.00,219.15,NA,NA
2025-05-09 00:00:00,55.37,99.77,NA,64.37,NA,NA,6.33,NA,NA,0.00,NA,NA,NA,NA,NA,NA,58.52,0.92,289.53,0.00,0.00,219.07,NA,NA
2025-05-10 00:00:00,69.26,112.14,NA,65.60,NA,NA,8.17,NA,NA,0.00,NA,NA,NA,NA,NA,NA,69.54,0.68,294.40,0.00,0.00,219.36,NA,NA
2025-05-11 00:00:00,63.25,96.68,NA,39.23,NA,NA,5.15,NA,NA,0.00,NA,NA,NA,NA,NA,NA,74.17,1.28,302.98,0.00,0.00,219.30,NA,NA
2025-05-12 00:00:00,41.12,81.20,NA,80.57,NA,NA,6.43,NA,NA,0.00,NA,NA,NA,NA,NA,NA,37.32,0.98,263.32,0.00,0.00,218.96,NA,NA
2025-05-13 00:00:00,35.13,90.55,NA,52.68,NA,NA,3.19,NA,NA,0.00,NA,NA,NA,NA,NA,NA,47.61,0.68,227.39,0.00,0.00,219.13,NA,NA
2025-05-14 00:00:00,52.34,106.55,NA,71.36,NA,NA,15.86,NA,NA,0.00,NA,NA,NA,NA,NA,NA,47.37,1.51,248.04,0.00,0.00,219.17,NA,NA
2025-05-15 00:00:00,424.28,225.75,NA,94.93,NA,NA,17.22,NA,NA,0.00,NA,NA,NA,NA,NA,NA,40.93,0.72,252.68,0.00,0.00,218.97,NA,NA
2025-05-16 00:00:00,73.06,115.51,NA,87.24,NA,NA,17.09,NA,NA,0.00,NA,NA,NA,NA,NA,NA,45.29,0.84,231.58,0.00,0.00,219.21,NA,NA
2025-05-17 00:00:00,33.07,67.35,NA,56.98,NA,NA,11.74,NA,NA,0.00,NA,NA,NA,NA,NA,NA,44.44,0.98,255.78,0.00,0.00,219.30,NA,NA
2025-05-18 00:00:00,71.60,108.45,NA,44.85,NA,NA,15.31,NA,NA,0.00,NA,NA,NA,NA,NA,NA,45.59,1.35,252.67,0.00,0.00,219.36,NA,NA
2025-05-19 00:00:00,90.02,141.56,NA,29.18,NA,NA,1.97,NA,NA,0.00,NA,NA,NA,NA,NA,NA,55.80,1.35,285.26,0.00,0.00,219.44,NA,NA
2025-05-20 00:00:00,58.10,139.19,NA,55.45,NA,NA,24.78,NA,NA,0.00,NA,NA,NA,NA,NA,NA,46.82,2.10,331.00,0.00,0.00,218.11,NA,NA
2025-05-21 00:00:00,59.57,130.81,NA,31.99,NA,NA,28.33,NA,NA,0.00,NA,NA,NA,NA,NA,NA,53.89,1.11,296.42,0.00,0.00,219.25,NA,NA
2025-05-22 00:00:00,32.44,60.44,NA,36.54,NA,NA,23.44,NA,NA,0.00,NA,NA,NA,NA,NA,NA,59.71,0.82,202.92,0.00,0.00,218.86,NA,NA
2025-05-23 00:00:00,48.07,89.30,NA,34.79,NA,NA,37.74,NA,NA,0.00,NA,NA,NA,NA,NA,NA,58.07,0.86,149.70,0.00,0.00,218.95,NA,NA
2025-05-24 00:00:00,70.60,117.42,NA,22.29,NA,NA,36.91,NA,NA,0.00,NA,NA,NA,NA,NA,NA,52.68,1.05,132.26,0.00,0.00,218.64,NA,NA
2025-05-25 00:00:00,44.65,74.81,NA,26.74,NA,NA,38.20,NA,NA,0.00,NA,NA,NA,NA,NA,NA,68.11,1.05,162.90,0.00,0.00,219.07,NA,NA
2025-05-26 00:00:00,43.37,67.40,NA,32.25,NA,NA,37.79,NA,NA,0.00,NA,NA,NA,NA,NA,NA,81.96,0.85,143.40,0.00,0.00,219.36,NA,NA
2025-05-27 00:00:00,42.20,68.41,NA,28.54,NA,NA,38.95,NA,NA,0.00,NA,NA,NA,NA,NA,NA,65.91,1.86,217.35,0.00,0.00,218.56,NA,NA
2025-05-28 00:00:00,57.20,119.55,NA,29.76,NA,NA,38.38,NA,NA,0.00,NA,NA,NA,NA,NA,NA,69.97,1.40,325.68,0.32,20.40,219.58,NA,NA
2025-05-29 00:00:00,51.50,134.69,NA,33.97,NA,NA,38.40,NA,NA,0.00,NA,NA,NA,NA,NA,NA,59.53,1.76,313.50,0.26,20.40,219.45,NA,NA
2025-05-30 00:00:00,60.13,117.02,NA,104.47,NA,NA,39.09,NA,NA,0.00,NA,NA,NA,NA,NA,NA,61.13,1.25,332.33,0.00,0.04,219.32,NA,NA
2025-05-31 00:00:00,66.80,126.91,NA,81.27,NA,NA,38.24,NA,NA,0.00,NA,NA,NA,NA,NA,NA,57.39,1.96,308.17,0.01,0.52,219.49,NA,NA
2025-06-01 00:00:00,73.63,122.74,NA,179.06,NA,NA,38.36,NA,NA,0.00,NA,NA,NA,NA,NA,NA,68.11,1.58,328.93,0.01,0.60,219.20,NA,NA
2025-06-02 00:00:00,47.51,81.77,NA,54.70,NA,NA,38.37,NA,NA,0.00,NA,NA,NA,NA,NA,NA,56.19,1.46,308.60,0.00,0.32,219.35,NA,NA
2025-06-03 00:00:00,45.76,87.54,NA,75.48,NA,NA,38.38,NA,NA,0.00,NA,NA,NA,NA,NA,NA,57.80,1.36,333.02,0.00,0.00,219.09,NA,NA
2025-06-04 00:00:00,64.73,142.97,NA,45.99,NA,NA,38.22,NA,NA,0.00,NA,NA,NA,NA,NA,NA,55.64,1.58,326.57,0.00,0.00,219.02,NA,NA
2025-06-05 00:00:00,50.72,118.09,NA,47.29,NA,NA,38.40,NA,NA,0.00,NA,NA,NA,NA,NA,NA,48.27,1.95,330.05,0.00,0.00,219.38,NA,NA
2025-06-06 00:00:00,51.52,122.16,NA,99.49,NA,NA,38.39,NA,NA,0.00,NA,NA,NA,NA,NA,NA,43.77,1.67,298.11,0.00,0.00,219.91,NA,NA
2025-06-07 00:00:00,72.98,149.20,NA,116.57,NA,NA,38.40,NA,NA,0.00,NA,NA,NA,NA,NA,NA,50.57,1.84,299.47,0.00,0.00,219.98,NA,NA
2025-06-08 00:00:00,91.77,178.54,NA,173.40,NA,NA,38.39,NA,NA,0.00,NA,NA,NA,NA,NA,NA,70.63,2.33,275.36,0.00,0.00,220.04,NA,NA
2025-06-09 00:00:00,76.13,183.60,NA,104.63,NA,NA,40.48,NA,NA,0.00,NA,NA,NA,NA,NA,NA,42.54,2.22,276.61,0.00,0.00,219.94,NA,NA
2025-06-10 00:00:00,67.10,175.70,NA,137.84,NA,NA,38.09,NA,NA,0.00,NA,NA,NA,NA,NA,NA,35.45,1.60,272.88,0.00,0.00,220.08,NA,NA
2025-06-11 00:00:00,84.92,198.61,NA,60.70,NA,NA,38.72,NA,NA,0.00,NA,NA,NA,NA,NA,NA,42.05,1.91,277.34,0.00,0.00,220.11,NA,NA
2025-06-12 00:00:00,68.16,163.52,NA,49.17,NA,NA,38.78,NA,NA,0.00,NA,NA,NA,NA,NA,NA,47.92,2.07,266.31,0.00,0.00,220.18,NA,NA
2025-06-13 00:00:00,67.22,164.15,NA,62.25,NA,NA,38.93,NA,NA,0.00,NA,NA,NA,NA,NA,NA,52.83,1.81,302.59,0.00,0.00,219.99,NA,NA
2025-06-14 00:00:00,67.89,135.76,NA,58.56,NA,NA,37.83,NA,NA,0.00,NA,NA,NA,NA,NA,NA,58.03,1.99,293.57,0.00,0.00,220.12,NA,NA
2025-06-15 00:00:00,49.50,82.37,NA,19.46,NA,NA,38.34,NA,NA,0.00,NA,NA,NA,NA,NA,NA,89.46,1.97,200.87,0.00,0.00,219.80,NA,NA
2025-06-16 00:00:00,42.51,80.60,NA,53.73,NA,NA,26.10,NA,NA,0.00,NA,NA,NA,NA,NA,NA,66.25,1.52,285.53,0.00,0.00,220.07,NA,NA
2025-06-17 00:00:00,46.38,74.42,NA,30.07,NA,NA,12.67,NA,NA,0.00,NA,NA,NA,NA,NA,NA,77.12,1.30,316.52,0.00,0.00,219.90,NA,NA
2025-06-18 00:00:00,38.81,74.83,NA,35.36,NA,NA,5.63,NA,NA,0.00,NA,NA,NA,NA,NA,NA,83.31,1.55,251.40,0.00,0.00,219.91,NA,NA
2025-06-19 00:00:00,26.74,61.06,NA,33.73,NA,NA,23.21,NA,NA,0.00,NA,NA,NA,NA,NA,NA,70.89,2.00,253.28,0.00,0.00,219.93,NA,NA
2025-06-20 00:00:00,22.56,53.51,NA,33.66,NA,NA,38.60,NA,NA,0.00,NA,NA,NA,NA,NA,NA,74.47,1.61,232.85,0.00,0.00,219.62,NA,NA
2025-06-21 00:00:00,32.80,51.37,NA,48.03,NA,NA,24.43,NA,NA,0.00,NA,NA,NA,NA,NA,NA,70.76,1.99,159.42,0.00,0.00,218.87,NA,NA
2025-06-22 00:00:00,46.42,78.72,NA,59.35,NA,NA,4.77,NA,NA,0.00,NA,NA,NA,NA,NA,NA,78.86,1.57,215.09,0.00,0.00,219.22,NA,NA
2025-06-23 00:00:00,38.15,68.44,NA,59.47,NA,NA,9.01,NA,NA,0.00,NA,NA,NA,NA,NA,NA,74.88,1.13,141.28,0.00,0.00,205.07,NA,NA
2025-06-24 00:00:00,41.03,70.02,NA,60.31,NA,NA,8.94,NA,NA,0.00,NA,NA,NA,NA,NA,NA,75.36,1.15,94.78,0.00,0.00,195.46,NA,NA
2025-06-25 00:00:00,52.62,94.00,NA,56.10,NA,NA,6.15,NA,NA,0.00,NA,NA,NA,NA,NA,NA,77.43,0.65,131.81,0.00,0.00,169.97,NA,NA
2025-06-26 00:00:00,38.26,62.92,NA,49.63,NA,NA,11.30,NA,NA,NA,NA,NA,NA,NA,NA,NA,65.54,1.45,216.15,0.00,0.00,NA,NA,NA
2025-06-27 00:00:00,29.25,59.46,NA,51.03,NA,NA,19.30,NA,NA,NA,NA,NA,NA,NA,NA,NA,60.54,1.35,305.48,0.00,0.00,NA,NA,NA
2025-06-28 00:00:00,37.54,71.24,NA,76.87,NA,NA,8.84,NA,NA,NA,NA,NA,NA,NA,NA,NA,71.27,1.61,320.75,0.00,0.00,NA,NA,NA
2025-06-29 00:00:00,40.99,62.96,NA,63.43,NA,NA,5.24,NA,NA,NA,NA,NA,NA,NA,NA,NA,83.97,1.33,254.13,0.00,0.00,NA,NA,NA
2025-06-30 00:00:00,39.84,62.66,NA,78.65,NA,NA,10.76,NA,NA,NA,NA,NA,NA,NA,NA,NA,90.09,0.56,129.78,0.00,0.00,NA,NA,NA
2025-07-01 00:00:00,36.70,56.40,NA,60.94,NA,NA,21.31,NA,NA,NA,NA,NA,NA,NA,NA,NA,81.57,1.22,259.37,0.08,5.32,NA,NA,NA
2025-07-02 00:00:00,28.14,51.70,NA,33.79,NA,NA,9.11,NA,NA,NA,NA,NA,NA,NA,NA,NA,73.46,2.24,288.77,0.00,0.08,NA,NA,NA
2025-07-03 00:00:00,23.23,48.32,NA,19.30,NA,NA,10.22,NA,NA,NA,NA,NA,NA,NA,NA,NA,74.44,2.30,235.45,0.02,1.52,NA,NA,NA
2025-07-04 00:00:00,23.50,55.08,NA,45.72,NA,NA,12.78,NA,NA,NA,NA,NA,NA,NA,NA,NA,74.49,1.82,298.68,0.00,0.00,NA,NA,NA
2025-07-05 00:00:00,32.33,66.69,NA,57.28,NA,NA,10.91,NA,NA,NA,NA,NA,NA,NA,NA,NA,70.27,2.22,262.00,0.00,0.00,NA,NA,NA
2025-07-06 00:00:00,33.20,62.22,NA,66.03,NA,NA,11.45,NA,NA,NA,NA,NA,NA,NA,NA,NA,76.73,1.50,294.42,0.00,0.04,NA,NA,NA
2025-07-07 00:00:00,27.65,55.79,NA,94.86,NA,NA,15.04,NA,NA,NA,NA,NA,NA,NA,NA,NA,79.22,1.34,261.57,0.01,0.92,NA,NA,NA
2025-07-08 00:00:00,33.30,82.02,NA,97.62,NA,NA,14.62,NA,NA,NA,NA,NA,NA,NA,NA,NA,71.48,2.13,278.25,0.00,0.00,NA,NA,NA
2025-07-09 00:00:00,29.92,54.03,NA,86.31,NA,NA,16.12,NA,NA,NA,NA,NA,NA,NA,NA,NA,73.42,1.60,302.81,0.01,1.12,NA,NA,NA
2025-07-10 00:00:00,9.68,32.29,NA,69.64,NA,NA,15.38,NA,NA,NA,NA,NA,NA,NA,NA,NA,89.70,1.35,250.78,0.00,0.00,NA,NA,NA
2025-07-11 00:00:00,22.63,57.25,NA,75.47,NA,NA,8.22,NA,NA,NA,NA,NA,NA,NA,NA,NA,79.90,1.81,215.57,0.00,0.00,NA,NA,NA
2025-07-12 00:00:00,27.52,65.19,NA,62.51,NA,NA,15.56,NA,NA,NA,NA,NA,NA,NA,NA,NA,81.97,2.03,204.70,0.00,0.00,NA,NA,NA
2025-07-13 00:00:00,18.65,61.82,NA,55.01,NA,NA,15.06,NA,NA,NA,NA,NA,NA,NA,NA,NA,82.16,1.54,196.96,0.00,0.00,NA,NA,NA
2025-07-14 00:00:00,13.28,45.70,NA,51.25,NA,NA,11.18,NA,NA,NA,NA,NA,NA,NA,NA,NA,85.98,1.65,231.56,0.00,0.00,NA,NA,NA
2025-07-15 00:00:00,14.11,39.63,NA,44.03,NA,NA,11.10,NA,NA,NA,NA,NA,NA,NA,NA,NA,81.51,1.99,229.82,0.00,0.00,NA,NA,NA
2025-07-16 00:00:00,25.67,53.12,NA,49.52,NA,NA,8.96,NA,NA,NA,NA,NA,NA,NA,NA,NA,83.29,1.72,265.73,0.00,0.40,NA,NA,NA
2025-07-17 00:00:00,17.59,45.97,NA,57.46,NA,NA,11.10,NA,NA,NA,NA,NA,NA,NA,NA,NA,77.21,2.02,218.35,0.00,0.36,NA,NA,NA
2025-07-18 00:00:00,16.55,40.75,NA,50.99,NA,NA,11.59,NA,NA,NA,NA,NA,NA,NA,NA,NA,84.01,1.75,221.37,0.00,0.00,NA,NA,NA
2025-07-19 00:00:00,18.02,41.62,NA,38.05,NA,NA,8.39,NA,NA,NA,NA,NA,NA,NA,NA,NA,73.69,2.24,222.09,0.00,0.00,NA,NA,NA
2025-07-20 00:00:00,22.67,57.15,NA,39.98,NA,NA,6.05,NA,NA,NA,NA,NA,NA,NA,NA,NA,70.53,1.70,291.52,0.00,0.00,NA,NA,NA
2025-07-21 00:00:00,32.42,81.47,NA,52.58,NA,NA,8.37,NA,NA,NA,NA,NA,NA,NA,NA,NA,81.69,1.32,323.99,0.00,0.00,NA,NA,NA
2025-07-22 00:00:00,25.27,69.01,NA,45.50,NA,NA,5.92,NA,NA,NA,NA,NA,NA,NA,NA,NA,87.95,1.42,287.40,0.00,0.00,NA,NA,NA
2025-07-23 00:00:00,14.85,39.44,NA,44.29,NA,NA,7.38,NA,NA,NA,NA,NA,NA,NA,NA,NA,95.49,1.11,300.19,0.00,0.24,NA,NA,NA
2025-07-24 00:00:00,32.80,102.41,NA,47.15,NA,NA,9.46,NA,NA,NA,NA,NA,NA,NA,NA,NA,62.07,1.90,278.41,0.00,0.00,NA,NA,NA
2025-07-25 00:00:00,35.38,104.95,NA,47.16,NA,NA,9.49,NA,NA,NA,NA,NA,NA,NA,NA,NA,71.47,1.46,297.38,0.00,0.00,NA,NA,NA
2025-07-26 00:00:00,27.65,57.26,NA,54.98,NA,NA,10.49,NA,NA,NA,NA,NA,NA,NA,NA,NA,72.24,1.63,278.40,0.00,0.00,NA,NA,NA
2025-07-27 00:00:00,26.30,50.00,NA,51.90,NA,NA,11.26,NA,NA,NA,NA,NA,NA,NA,NA,NA,69.78,1.30,316.32,0.00,0.00,NA,NA,NA
2025-07-28 00:00:00,30.36,67.74,NA,51.66,NA,NA,10.90,NA,NA,NA,NA,NA,NA,NA,NA,NA,71.62,1.08,302.47,0.00,0.00,NA,NA,NA
2025-07-29 00:00:00,30.35,43.46,NA,47.14,NA,NA,10.74,NA,NA,NA,NA,NA,NA,NA,NA,NA,90.37,1.30,285.97,0.00,0.00,NA,NA,NA
2025-07-30 00:00:00,24.07,41.74,NA,45.28,NA,NA,9.36,NA,NA,NA,NA,NA,NA,NA,NA,NA,88.06,1.60,211.62,0.00,0.00,NA,NA,NA
2025-07-31 00:00:00,12.58,30.94,NA,47.28,NA,NA,10.94,NA,NA,NA,NA,NA,NA,NA,NA,NA,95.21,1.08,234.46,0.00,0.00,NA,NA,NA
2025-08-01 00:00:00,11.42,39.72,NA,44.23,NA,NA,11.91,NA,NA,NA,NA,NA,NA,NA,NA,NA,84.27,1.68,246.18,0.00,0.00,NA,NA,NA
2025-08-02 00:00:00,17.03,65.71,NA,49.67,NA,NA,10.52,NA,NA,NA,NA,NA,NA,NA,NA,NA,78.71,2.01,256.67,0.00,0.00,NA,NA,NA
2025-08-03 00:00:00,17.71,79.49,NA,52.63,NA,NA,11.50,NA,NA,NA,NA,NA,NA,NA,NA,NA,80.14,1.81,232.62,0.00,0.00,NA,NA,NA
2025-08-04 00:00:00,20.31,98.15,NA,57.23,NA,NA,10.26,NA,NA,NA,NA,NA,NA,NA,NA,NA,76.94,1.39,337.51,0.00,0.00,NA,NA,NA
2025-08-05 00:00:00,16.85,76.73,NA,58.11,NA,NA,8.89,NA,NA,NA,NA,NA,NA,NA,NA,NA,75.66,1.37,323.01,0.00,0.00,NA,NA,NA
2025-08-06 00:00:00,23.41,88.98,NA,66.57,NA,NA,9.95,NA,NA,NA,NA,NA,NA,NA,NA,NA,71.77,1.33,316.14,0.00,0.00,NA,NA,NA
2025-08-07 00:00:00,23.21,81.60,NA,74.55,NA,NA,11.72,NA,NA,NA,NA,NA,NA,NA,NA,NA,69.85,2.17,331.66,0.00,0.00,NA,NA,NA
2025-08-08 00:00:00,47.06,83.80,NA,69.09,NA,NA,10.28,NA,NA,NA,NA,NA,NA,NA,NA,NA,65.18,1.96,318.34,0.00,0.00,NA,NA,NA
2025-08-09 00:00:00,29.77,100.61,NA,26.47,NA,NA,11.09,NA,NA,NA,NA,NA,NA,NA,NA,NA,96.98,0.68,281.43,0.00,0.00,NA,NA,NA
2025-08-10 00:00:00,36.26,76.90,NA,29.41,NA,NA,11.37,NA,NA,NA,NA,NA,NA,NA,NA,NA,81.93,1.54,224.70,0.00,0.00,NA,NA,NA
2025-08-11 00:00:00,31.09,88.76,NA,44.74,NA,NA,21.99,NA,NA,NA,NA,NA,NA,NA,NA,NA,76.26,1.71,278.06,0.00,0.00,NA,NA,NA
2025-08-12 00:00:00,19.57,82.57,NA,48.07,NA,NA,13.34,NA,NA,NA,NA,NA,NA,NA,NA,NA,81.56,1.37,270.94,0.00,0.00,NA,NA,NA
2025-08-13 00:00:00,33.33,87.96,NA,51.61,NA,NA,13.10,NA,NA,NA,NA,NA,NA,NA,NA,NA,76.68,1.80,293.83,0.00,0.00,NA,NA,NA
2025-08-14 00:00:00,26.11,49.74,NA,48.17,NA,NA,9.38,NA,NA,NA,NA,NA,NA,NA,NA,NA,95.25,0.88,280.19,0.00,0.00,NA,NA,NA
2025-08-15 00:00:00,27.71,56.93,NA,37.07,NA,NA,12.67,NA,NA,NA,NA,NA,NA,NA,NA,NA,93.50,1.02,228.07,0.00,0.00,NA,NA,NA
2025-08-16 00:00:00,30.08,71.56,NA,36.09,NA,NA,14.67,NA,NA,NA,NA,NA,NA,NA,NA,NA,86.08,1.74,208.31,0.00,0.00,NA,NA,NA
2025-08-17 00:00:00,26.34,62.09,NA,38.14,NA,NA,13.03,NA,NA,NA,NA,NA,NA,NA,NA,NA,85.84,1.65,231.38,0.00,0.00,NA,NA,NA
2025-08-18 00:00:00,19.22,57.30,NA,44.47,NA,NA,11.36,NA,NA,NA,NA,NA,NA,NA,NA,NA,81.75,1.63,248.58,0.00,0.00,NA,NA,NA
2025-08-19 00:00:00,18.27,64.89,NA,64.79,NA,NA,10.31,NA,NA,NA,NA,NA,NA,NA,NA,NA,82.18,1.82,278.29,0.03,2.82,NA,NA,NA
2025-08-20 00:00:00,23.10,69.99,NA,73.48,NA,NA,8.76,NA,NA,NA,NA,NA,NA,NA,NA,NA,77.77,1.08,256.36,0.00,0.30,NA,NA,NA
2025-08-21 00:00:00,21.50,83.32,NA,77.86,NA,NA,8.04,NA,NA,NA,NA,NA,NA,NA,NA,NA,78.07,1.28,259.32,0.00,0.00,NA,NA,NA
2025-08-22 00:00:00,25.64,74.57,NA,87.10,NA,NA,11.48,NA,NA,NA,NA,NA,NA,NA,NA,NA,84.81,1.24,190.27,0.00,0.00,NA,NA,NA
2025-08-23 00:00:00,19.50,58.42,NA,82.40,NA,NA,10.13,NA,NA,NA,NA,NA,NA,NA,NA,NA,84.94,1.43,246.44,0.15,11.80,NA,NA,NA
2025-08-24 00:00:00,15.44,38.52,NA,83.34,NA,NA,12.15,NA,NA,NA,NA,NA,NA,NA,NA,NA,87.14,1.15,255.42,0.00,0.20,NA,NA,NA
2025-08-25 00:00:00,16.70,43.46,NA,87.63,NA,NA,8.27,NA,NA,NA,NA,NA,NA,NA,NA,NA,90.86,1.17,288.84,0.00,0.00,NA,NA,NA
2025-08-26 00:00:00,12.76,33.00,NA,77.34,NA,NA,8.84,NA,NA,NA,NA,NA,NA,NA,NA,NA,91.12,1.33,231.51,0.01,0.60,NA,NA,NA
2025-08-27 00:00:00,18.05,54.55,NA,69.38,NA,NA,9.18,NA,NA,NA,NA,NA,NA,NA,NA,NA,92.06,1.25,260.36,0.02,1.90,NA,NA,NA
2025-08-28 00:00:00,29.73,91.01,NA,74.48,NA,NA,9.86,NA,NA,NA,NA,NA,NA,NA,NA,NA,82.55,1.66,257.88,0.00,0.00,NA,NA,NA
2025-08-29 00:00:00,24.99,95.16,NA,70.80,NA,NA,7.62,NA,NA,NA,NA,NA,NA,NA,NA,NA,92.17,1.39,258.37,0.12,11.20,NA,NA,NA
2025-08-30 00:00:00,19.51,43.02,NA,62.08,NA,NA,9.99,NA,NA,NA,NA,NA,NA,NA,NA,NA,83.58,2.34,188.46,0.00,0.00,NA,NA,NA
2025-08-31 00:00:00,15.82,55.29,NA,73.73,NA,NA,7.67,NA,NA,NA,NA,NA,NA,NA,NA,NA,81.18,0.99,219.55,0.00,0.00,NA,NA,NA
2025-09-01 00:00:00,9.89,26.67,NA,64.11,NA,NA,10.71,NA,NA,NA,NA,NA,NA,NA,NA,NA,91.25,0.83,71.85,0.05,4.00,NA,NA,NA
2025-09-02 00:00:00,11.40,23.06,NA,66.66,NA,NA,8.63,NA,NA,NA,NA,NA,NA,NA,NA,NA,92.82,0.91,178.25,0.01,1.30,NA,NA,NA
2025-09-03 00:00:00,13.90,28.83,NA,69.75,NA,NA,9.30,NA,NA,NA,NA,NA,NA,NA,NA,NA,88.92,1.01,258.21,0.04,3.40,NA,NA,NA
2025-09-04 00:00:00,16.32,40.03,NA,72.42,NA,NA,12.59,NA,NA,NA,NA,NA,NA,NA,NA,NA,84.00,1.26,286.67,0.01,0.80,NA,NA,NA
2025-09-05 00:00:00,15.80,48.18,NA,68.60,NA,NA,9.28,NA,NA,NA,NA,NA,NA,NA,NA,NA,80.60,1.11,250.10,0.00,0.00,NA,NA,NA
2025-09-06 00:00:00,19.75,51.38,NA,56.16,NA,NA,11.24,NA,NA,NA,NA,NA,NA,NA,NA,NA,78.39,1.23,173.47,0.00,0.00,NA,NA,NA
2025-09-07 00:00:00,18.94,61.46,NA,54.00,NA,NA,8.82,NA,NA,NA,NA,NA,NA,NA,NA,NA,82.79,0.99,189.11,0.00,0.00,NA,NA,NA
2025-09-08 00:00:00,19.85,51.41,NA,51.96,NA,NA,7.95,NA,NA,NA,NA,NA,NA,NA,NA,NA,75.39,1.85,149.82,0.00,0.00,NA,NA,NA
2025-09-09 00:00:00,17.67,67.09,NA,54.52,NA,NA,10.23,NA,NA,NA,NA,NA,NA,NA,NA,NA,70.07,2.25,109.18,0.00,0.00,NA,NA,NA
2025-09-10 00:00:00,12.38,67.85,NA,46.42,NA,NA,8.89,NA,NA,NA,NA,NA,NA,NA,NA,NA,64.59,3.16,280.12,0.00,0.00,NA,NA,NA
2025-09-11 00:00:00,20.12,89.24,NA,46.08,NA,NA,9.73,NA,NA,NA,NA,NA,NA,NA,NA,NA,73.76,1.89,216.36,0.00,0.00,NA,NA,NA
2025-09-12 00:00:00,15.45,76.90,NA,47.88,NA,NA,5.05,NA,NA,NA,NA,NA,NA,NA,NA,NA,70.72,2.21,169.72,0.00,0.00,NA,NA,NA
2025-09-13 00:00:00,16.27,75.81,NA,59.23,NA,NA,5.13,NA,NA,NA,NA,NA,NA,NA,NA,NA,68.69,2.27,149.52,0.00,0.00,NA,NA,NA
2025-09-14 00:00:00,18.85,77.17,NA,66.36,NA,NA,5.67,NA,NA,NA,NA,NA,NA,NA,NA,NA,74.74,1.53,142.20,0.00,0.00,NA,NA,NA
2025-09-15 00:00:00,21.62,98.11,NA,73.66,NA,NA,6.89,NA,NA,NA,NA,NA,NA,NA,NA,NA,70.76,1.90,160.26,0.00,0.00,NA,NA,NA
2025-09-16 00:00:00,29.29,85.75,NA,90.84,NA,NA,7.21,NA,NA,NA,NA,NA,NA,NA,NA,NA,70.00,1.84,192.89,0.00,0.00,NA,NA,NA
2025-09-17 00:00:00,34.00,91.61,NA,92.16,NA,NA,7.49,NA,NA,NA,NA,NA,NA,NA,NA,NA,79.74,1.21,204.18,0.04,3.40,NA,NA,NA
2025-09-18 00:00:00,35.31,101.54,NA,71.66,NA,NA,13.38,NA,NA,NA,NA,NA,NA,NA,NA,NA,85.58,0.80,233.22,0.00,0.10,NA,NA,NA
2025-09-19 00:00:00,31.32,171.01,NA,40.52,NA,NA,6.44,NA,NA,NA,NA,NA,NA,NA,NA,NA,76.59,1.61,245.55,0.00,0.00,NA,NA,NA
2025-09-20 00:00:00,37.08,121.58,NA,34.07,NA,NA,6.20,NA,NA,NA,NA,NA,NA,NA,NA,NA,78.94,1.68,199.73,0.00,0.00,NA,NA,NA
2025-09-21 00:00:00,NA,NA,NA,NA,NA,NA,NA,NA,NA,NA,NA,NA,NA,NA,NA,NA,NA,NA,NA,NA,0.00,NA,NA,NA
2025-09-22 00:00:00,NA,NA,NA,NA,NA,NA,NA,NA,NA,NA,NA,NA,NA,NA,NA,NA,NA,NA,NA,NA,0.00,NA,NA,NA
2025-09-23 00:00:00,NA,NA,NA,NA,NA,NA,NA,NA,NA,NA,NA,NA,NA,NA,NA,NA,NA,NA,NA,NA,0.00,NA,NA,NA
2025-09-24 00:00:00,27.73,64.06,NA,69.08,NA,NA,7.96,NA,NA,NA,NA,NA,NA,NA,NA,NA,63.00,NA,NA,0.00,0.00,NA,NA,NA
2025-09-25 00:00:00,27.26,82.81,NA,44.16,NA,NA,8.45,NA,NA,NA,NA,NA,NA,NA,NA,NA,64.61,2.16,269.66,0.00,0.00,NA,NA,NA
2025-09-26 00:00:00,31.04,97.15,NA,42.41,NA,NA,6.14,NA,NA,NA,NA,NA,NA,NA,NA,NA,70.90,1.84,274.69,0.00,0.00,NA,NA,NA
2025-09-27 00:00:00,46.96,135.04,NA,49.53,NA,NA,8.60,NA,NA,NA,NA,NA,NA,NA,NA,NA,70.88,1.72,275.55,0.00,0.00,NA,NA,NA
2025-09-28 00:00:00,28.98,80.43,NA,34.39,NA,NA,5.77,NA,NA,NA,NA,NA,NA,NA,NA,NA,67.94,1.90,296.95,0.00,0.00,NA,NA,NA
2025-09-29 00:00:00,25.97,78.11,NA,29.12,NA,NA,9.32,NA,NA,NA,NA,NA,NA,NA,NA,NA,68.88,1.57,287.43,0.00,0.00,NA,NA,NA
2025-09-30 00:00:00,30.53,72.61,NA,23.71,NA,NA,8.05,NA,NA,NA,NA,NA,NA,NA,NA,NA,85.96,0.76,245.99,0.10,9.10,NA,NA,NA
2025-10-01 00:00:00,28.53,60.26,NA,31.11,NA,NA,6.88,NA,NA,NA,NA,NA,NA,NA,NA,NA,79.96,1.23,187.86,0.00,0.00,NA,NA,NA
2025-10-02 00:00:00,34.32,64.34,NA,30.41,NA,NA,7.32,NA,NA,NA,NA,NA,NA,NA,NA,NA,81.15,0.96,242.51,0.01,1.00,NA,NA,NA
2025-10-03 00:00:00,23.68,48.12,NA,26.63,NA,NA,9.13,NA,NA,NA,NA,NA,NA,NA,NA,NA,78.53,1.28,255.75,0.00,0.00,NA,NA,NA
2025-10-04 00:00:00,43.34,78.26,NA,38.91,NA,NA,6.13,NA,NA,NA,NA,NA,NA,NA,NA,NA,78.16,0.69,231.90,0.00,0.00,NA,NA,NA
2025-10-05 00:00:00,44.83,90.91,NA,34.79,NA,NA,4.13,NA,NA,NA,NA,NA,NA,NA,NA,NA,79.71,0.88,221.66,0.00,0.00,NA,NA,NA
2025-10-06 00:00:00,26.37,53.44,NA,18.20,NA,NA,5.97,NA,NA,NA,NA,NA,NA,NA,NA,NA,90.98,0.79,298.96,0.19,7.10,NA,NA,NA
2025-10-07 00:00:00,16.36,33.35,NA,17.09,NA,NA,7.68,NA,NA,NA,NA,NA,NA,NA,NA,NA,84.88,1.16,263.43,0.08,7.10,NA,NA,NA
2025-10-08 00:00:00,24.31,56.93,NA,22.69,NA,NA,9.91,NA,NA,NA,NA,NA,NA,NA,NA,NA,90.70,1.23,277.59,0.00,0.00,NA,NA,NA
2025-10-09 00:00:00,34.39,80.60,NA,21.03,NA,NA,7.01,NA,NA,NA,NA,NA,NA,NA,NA,NA,78.22,0.98,228.82,0.00,0.00,NA,NA,NA
2025-10-10 00:00:00,58.84,157.55,NA,38.54,NA,NA,3.26,NA,NA,NA,NA,NA,NA,NA,NA,NA,80.12,1.04,301.22,0.00,0.00,NA,NA,NA
2025-10-11 00:00:00,62.32,153.11,NA,38.05,NA,NA,9.68,NA,NA,NA,NA,NA,NA,NA,NA,NA,70.83,1.40,276.48,0.00,0.00,NA,NA,NA
2025-10-12 00:00:00,57.74,147.19,NA,75.45,NA,NA,6.71,NA,NA,NA,NA,NA,NA,NA,NA,NA,61.13,2.05,310.32,0.00,0.00,NA,NA,NA
2025-10-13 00:00:00,65.36,157.54,NA,59.38,NA,NA,8.04,NA,NA,NA,NA,NA,NA,NA,NA,NA,73.82,1.18,272.13,0.00,0.00,NA,NA,NA
2025-10-14 00:00:00,61.95,146.21,NA,76.79,NA,NA,9.08,NA,NA,NA,NA,NA,NA,NA,NA,NA,70.86,1.41,295.84,0.00,0.00,NA,NA,NA
2025-10-15 00:00:00,64.07,158.50,NA,82.40,NA,NA,5.17,NA,NA,NA,NA,NA,NA,NA,NA,NA,72.21,1.24,296.20,0.00,0.00,NA,NA,NA
2025-10-16 00:00:00,76.03,188.31,NA,62.71,NA,NA,8.97,NA,NA,NA,NA,NA,NA,NA,NA,NA,65.30,1.27,289.66,0.00,0.00,NA,NA,NA
2025-10-17 00:00:00,83.99,198.18,NA,43.73,NA,NA,6.38,NA,NA,NA,NA,NA,NA,NA,NA,NA,74.03,1.23,279.82,0.00,0.00,NA,NA,NA
2025-10-18 00:00:00,95.53,199.41,NA,81.99,NA,NA,7.11,NA,NA,NA,NA,NA,NA,NA,NA,NA,76.55,1.17,286.66,0.00,0.00,NA,NA,NA
2025-10-19 00:00:00,100.08,196.87,NA,97.07,NA,NA,6.26,NA,NA,NA,NA,NA,NA,NA,NA,NA,76.24,1.09,268.28,0.00,0.00,NA,NA,NA
2025-10-20 00:00:00,126.29,224.27,NA,101.12,NA,NA,10.07,NA,NA,NA,NA,NA,NA,NA,NA,NA,74.98,1.20,293.25,0.00,0.00,NA,NA,NA
2025-10-21 00:00:00,303.00,379.75,NA,102.46,NA,NA,6.36,NA,NA,NA,NA,NA,NA,NA,NA,NA,75.94,1.13,283.57,0.00,0.00,NA,NA,NA
2025-10-22 00:00:00,113.20,272.69,NA,120.21,NA,NA,10.68,NA,NA,NA,NA,NA,NA,NA,NA,NA,79.17,1.06,258.41,0.00,0.00,NA,NA,NA
2025-10-23 00:00:00,92.89,217.53,NA,102.61,NA,NA,13.65,NA,NA,NA,NA,NA,NA,NA,NA,NA,72.94,1.24,303.21,0.00,0.00,NA,NA,NA
2025-10-24 00:00:00,81.32,206.68,NA,95.79,NA,NA,13.67,NA,NA,NA,NA,NA,NA,NA,NA,NA,73.34,1.14,285.22,0.00,0.00,NA,NA,NA
2025-10-25 00:00:00,114.44,273.01,NA,116.41,NA,NA,27.55,NA,NA,NA,NA,NA,NA,NA,NA,NA,74.94,1.02,284.05,0.00,0.00,NA,NA,NA
2025-10-26 00:00:00,104.76,246.41,NA,112.27,NA,NA,18.41,NA,NA,NA,NA,NA,NA,NA,NA,NA,73.13,1.18,284.48,0.00,0.00,NA,NA,NA
2025-10-27 00:00:00,115.47,277.76,NA,108.09,NA,NA,16.77,NA,NA,NA,NA,NA,NA,NA,NA,NA,74.28,0.91,268.94,0.00,0.00,NA,NA,NA
2025-10-28 00:00:00,104.28,236.14,NA,103.49,NA,NA,13.15,NA,NA,NA,NA,NA,NA,NA,NA,NA,79.15,0.52,276.69,0.00,0.00,NA,NA,NA
2025-10-29 00:00:00,101.15,241.28,NA,123.31,NA,NA,7.89,NA,NA,NA,NA,NA,NA,NA,NA,NA,80.14,0.90,277.44,0.00,0.00,NA,NA,NA
2025-10-30 00:00:00,134.31,301.64,NA,114.92,NA,NA,16.31,NA,NA,NA,NA,NA,NA,NA,NA,NA,86.50,0.78,265.12,0.00,0.00,NA,NA,NA
2025-10-31 00:00:00,61.26,151.05,NA,127.27,NA,NA,15.82,NA,NA,NA,NA,NA,NA,NA,NA,NA,83.17,1.00,262.50,0.00,0.00,NA,NA,NA
2025-11-01 00:00:00,142.46,309.48,NA,131.47,NA,NA,20.66,NA,NA,NA,NA,NA,NA,NA,NA,NA,81.90,0.80,274.64,0.00,0.00,NA,NA,NA
2025-11-02 00:00:00,109.27,229.12,NA,135.76,NA,NA,13.86,NA,NA,NA,NA,NA,NA,NA,NA,NA,73.65,1.13,296.89,0.00,0.00,NA,NA,NA
2025-11-03 00:00:00,66.22,180.26,NA,128.63,NA,NA,12.18,NA,NA,NA,NA,NA,NA,NA,NA,NA,73.90,0.91,257.56,0.00,0.00,NA,NA,NA
2025-11-04 00:00:00,66.73,172.03,NA,80.57,NA,NA,15.31,NA,NA,NA,NA,NA,NA,NA,NA,NA,73.98,1.13,296.72,0.00,0.00,NA,NA,NA
2025-11-05 00:00:00,50.29,122.05,NA,NA,NA,NA,6.69,NA,NA,NA,NA,NA,NA,NA,NA,NA,71.94,1.27,293.94,0.00,0.00,NA,NA,NA
2025-11-06 00:00:00,113.44,214.69,NA,35.16,NA,NA,9.48,NA,NA,NA,NA,NA,NA,NA,NA,NA,61.29,1.15,301.19,0.00,0.00,NA,NA,NA
2025-11-07 00:00:00,110.06,260.48,NA,35.49,NA,NA,9.97,NA,NA,NA,NA,NA,NA,NA,NA,NA,63.04,1.00,290.13,0.00,0.00,NA,NA,NA
2025-11-08 00:00:00,137.96,291.48,NA,35.44,NA,NA,17.68,NA,NA,NA,NA,NA,NA,NA,NA,NA,67.09,0.82,282.96,0.00,0.00,NA,NA,NA
2025-11-09 00:00:00,120.53,247.59,NA,35.42,NA,NA,12.83,NA,NA,NA,NA,NA,NA,NA,NA,NA,68.84,0.86,262.07,0.00,0.00,NA,NA,NA
2025-11-10 00:00:00,132.30,279.20,NA,79.20,NA,NA,13.88,NA,NA,NA,NA,NA,NA,NA,NA,NA,76.72,0.97,279.55,0.00,0.00,NA,NA,NA
2025-11-11 00:00:00,147.20,215.61,NA,100.15,NA,NA,17.18,NA,NA,NA,NA,NA,NA,NA,NA,NA,69.13,0.83,271.76,0.00,0.00,NA,NA,NA
2025-11-12 00:00:00,170.96,239.14,NA,83.71,NA,NA,17.71,NA,NA,NA,NA,NA,NA,NA,NA,NA,71.65,1.07,275.13,0.00,0.00,NA,NA,NA
2025-11-13 00:00:00,120.21,239.79,NA,83.95,NA,NA,16.13,NA,NA,NA,NA,NA,NA,NA,NA,NA,77.43,0.88,284.03,0.00,0.00,NA,NA,NA
2025-11-14 00:00:00,107.45,209.89,NA,85.33,NA,NA,13.92,NA,NA,NA,NA,NA,NA,NA,NA,NA,69.61,0.59,228.00,0.00,0.00,NA,NA,NA
2025-11-15 00:00:00,98.64,223.11,NA,84.62,NA,NA,15.73,NA,NA,NA,NA,NA,NA,NA,NA,NA,71.64,0.64,138.82,0.00,0.00,NA,NA,NA
2025-11-16 00:00:00,98.13,232.07,NA,78.77,NA,NA,15.02,NA,NA,NA,NA,NA,NA,NA,NA,NA,68.11,0.62,143.36,0.00,0.00,NA,NA,NA
2025-11-17 00:00:00,93.33,225.25,NA,63.23,NA,NA,14.24,NA,NA,NA,NA,NA,NA,NA,NA,NA,70.61,0.43,139.12,0.00,0.00,NA,NA,NA
2025-11-18 00:00:00,101.79,249.77,NA,57.33,NA,NA,13.57,NA,NA,NA,NA,NA,NA,NA,NA,NA,76.95,0.49,103.35,0.00,0.00,NA,NA,NA
2025-11-19 00:00:00,113.32,212.53,NA,71.60,NA,NA,13.58,NA,NA,NA,NA,NA,NA,NA,NA,NA,77.20,0.42,91.53,0.00,0.00,NA,NA,NA
2025-11-20 00:00:00,117.87,170.03,NA,58.86,NA,NA,11.79,NA,NA,NA,NA,NA,NA,NA,NA,NA,81.07,0.43,130.97,0.00,0.00,NA,NA,NA
2025-11-21 00:00:00,143.27,218.82,NA,47.72,NA,NA,14.47,NA,NA,NA,NA,NA,NA,NA,NA,NA,85.14,0.67,167.36,0.00,0.00,NA,NA,NA
2025-11-22 00:00:00,168.72,225.66,NA,55.25,NA,NA,11.40,NA,NA,NA,NA,NA,NA,NA,NA,NA,79.44,0.60,174.68,0.00,0.00,NA,NA,NA
2025-11-23 00:00:00,185.77,245.60,NA,68.16,NA,NA,14.35,NA,NA,NA,NA,NA,NA,NA,NA,NA,80.64,0.61,157.34,0.00,0.00,NA,NA,NA
2025-11-24 00:00:00,172.86,257.01,NA,61.04,NA,NA,12.87,NA,NA,NA,NA,NA,NA,NA,NA,NA,81.20,0.59,159.00,0.00,0.00,NA,NA,NA
2025-11-25 00:00:00,144.83,228.57,NA,55.57,NA,NA,12.48,NA,NA,NA,NA,NA,NA,NA,NA,NA,80.06,0.53,160.83,0.00,0.00,NA,NA,NA
2025-11-26 00:00:00,138.21,224.36,NA,58.48,NA,NA,14.54,NA,NA,NA,NA,NA,NA,NA,NA,NA,78.37,0.59,171.81,0.00,0.00,NA,NA,NA
2025-11-27 00:00:00,178.51,272.70,NA,62.00,NA,NA,13.71,NA,NA,NA,NA,NA,NA,NA,NA,NA,81.05,0.51,163.10,0.00,0.00,NA,NA,NA
2025-11-28 00:00:00,160.36,248.28,NA,51.24,NA,NA,14.55,NA,NA,NA,NA,NA,NA,NA,NA,NA,79.52,0.59,146.29,0.00,0.00,NA,NA,NA
2025-11-29 00:00:00,109.16,183.65,NA,38.36,NA,NA,14.99,NA,NA,NA,NA,NA,NA,NA,NA,NA,72.99,0.56,140.52,0.00,0.00,NA,NA,NA
2025-11-30 00:00:00,114.07,190.75,NA,35.21,NA,NA,12.65,NA,NA,NA,NA,NA,NA,NA,NA,NA,70.61,0.74,159.53,0.00,0.00,NA,NA,NA
2025-12-01 00:00:00,113.71,189.40,NA,41.35,NA,NA,11.45,NA,NA,NA,NA,NA,NA,NA,NA,NA,72.74,0.79,165.00,0.00,0.00,NA,NA,NA
2025-12-02 00:00:00,175.63,289.07,NA,41.08,NA,NA,11.72,NA,NA,NA,NA,NA,NA,NA,NA,NA,78.52,1.02,222.73,0.00,0.00,NA,NA,NA
2025-12-03 00:00:00,121.56,198.40,NA,47.35,NA,NA,12.13,NA,NA,NA,NA,NA,NA,NA,NA,NA,75.47,0.89,206.57,0.00,0.00,NA,NA,NA
2025-12-04 00:00:00,129.26,199.64,NA,38.33,NA,NA,10.32,NA,NA,NA,NA,NA,NA,NA,NA,NA,77.34,0.99,223.45,0.00,0.00,NA,NA,NA
2025-12-05 00:00:00,134.62,208.82,NA,NA,NA,NA,11.21,NA,NA,NA,NA,NA,NA,NA,NA,NA,77.39,0.93,213.08,0.00,0.00,NA,NA,NA
2025-12-06 00:00:00,132.82,207.30,NA,NA,NA,NA,12.06,NA,NA,NA,NA,NA,NA,NA,NA,NA,73.28,1.06,186.46,0.00,0.00,NA,NA,NA
2025-12-07 00:00:00,129.31,196.55,NA,NA,NA,NA,10.90,NA,NA,NA,NA,NA,NA,NA,NA,NA,78.14,1.04,135.79,0.00,0.00,NA,NA,NA
2025-12-08 00:00:00,118.44,192.83,NA,NA,NA,NA,9.87,NA,NA,NA,NA,NA,NA,NA,NA,NA,72.96,1.09,209.27,0.00,0.00,NA,NA,NA
2025-12-09 00:00:00,99.59,173.08,NA,NA,NA,NA,13.72,NA,NA,NA,NA,NA,NA,NA,NA,NA,73.27,1.27,290.57,0.00,0.00,NA,NA,NA
2025-12-10 00:00:00,97.95,162.21,NA,NA,NA,NA,12.14,NA,NA,NA,NA,NA,NA,NA,NA,NA,73.79,1.44,304.64,0.00,0.00,NA,NA,NA
2025-12-11 00:00:00,118.08,175.57,NA,NA,NA,NA,15.38,NA,NA,NA,NA,NA,NA,NA,NA,NA,78.41,1.27,283.29,0.00,0.00,NA,NA,NA
2025-12-12 00:00:00,156.68,183.91,NA,NA,NA,NA,18.06,NA,NA,NA,NA,NA,NA,NA,NA,NA,90.43,1.08,282.69,0.00,0.00,NA,NA,NA
2025-12-13 00:00:00,249.17,350.19,NA,64.14,NA,NA,16.45,NA,NA,NA,NA,NA,NA,NA,NA,NA,76.48,1.27,249.32,0.00,0.00,NA,NA,NA
2025-12-14 00:00:00,282.36,382.21,NA,33.14,NA,NA,13.50,NA,NA,NA,NA,NA,NA,NA,NA,NA,89.40,0.99,259.23,0.00,0.00,NA,NA,NA
2025-12-15 00:00:00,204.67,283.67,NA,39.24,NA,NA,11.16,NA,NA,NA,NA,NA,NA,NA,NA,NA,86.31,0.90,273.64,0.00,0.00,NA,NA,NA
2025-12-16 00:00:00,136.95,206.87,NA,41.06,NA,NA,14.87,NA,NA,NA,NA,NA,NA,NA,NA,NA,78.52,0.97,271.67,0.00,0.00,NA,NA,NA
2025-12-17 00:00:00,132.67,196.04,NA,42.59,NA,NA,15.93,NA,NA,NA,NA,NA,NA,NA,NA,NA,83.63,0.98,277.80,0.00,0.00,NA,NA,NA
2025-12-18 00:00:00,195.04,286.44,NA,29.71,NA,NA,15.70,NA,NA,NA,NA,NA,NA,NA,NA,NA,91.19,0.85,249.37,0.00,0.00,NA,NA,NA
2025-12-19 00:00:00,164.65,232.19,NA,32.30,NA,NA,13.34,NA,NA,NA,NA,NA,NA,NA,NA,NA,84.96,0.83,248.38,0.00,0.00,NA,NA,NA
2025-12-20 00:00:00,200.92,265.65,NA,24.55,NA,NA,15.30,NA,NA,NA,NA,NA,NA,NA,NA,NA,95.40,0.88,252.70,0.00,0.00,NA,NA,NA
2025-12-21 00:00:00,174.04,259.87,NA,19.90,NA,NA,13.79,NA,NA,NA,NA,NA,NA,NA,NA,NA,92.74,0.89,295.85,0.00,0.00,NA,NA,NA
2025-12-22 00:00:00,185.75,287.54,NA,46.87,NA,NA,13.72,NA,NA,NA,NA,NA,NA,NA,NA,NA,90.30,0.96,242.81,0.00,0.00,NA,NA,NA
2025-12-23 00:00:00,199.09,279.32,NA,61.42,NA,NA,10.99,NA,NA,NA,NA,NA,NA,NA,NA,NA,85.46,0.93,254.23,0.00,0.00,NA,NA,NA
2025-12-24 00:00:00,70.37,120.52,NA,31.88,NA,NA,13.58,NA,NA,NA,NA,NA,NA,NA,NA,NA,80.17,0.93,268.34,0.00,0.00,NA,NA,NA
2025-12-25 00:00:00,69.27,135.49,NA,23.65,NA,NA,16.07,NA,NA,NA,NA,NA,NA,NA,NA,NA,78.73,1.11,268.69,0.00,0.00,NA,NA,NA
2025-12-26 00:00:00,106.50,186.66,NA,32.82,NA,NA,13.31,NA,NA,NA,NA,NA,NA,NA,NA,NA,82.27,1.02,279.13,0.00,0.00,NA,NA,NA
2025-12-27 00:00:00,231.17,295.30,NA,20.20,NA,NA,13.67,NA,NA,NA,NA,NA,NA,NA,NA,NA,95.71,0.93,282.33,0.00,0.00,NA,NA,NA
2025-12-28 00:00:00,NA,NA,NA,NA,NA,NA,NA,NA,NA,NA,NA,NA,NA,NA,NA,NA,NA,NA,NA,NA,0.00,NA,NA,NA
2025-12-29 00:00:00,NA,NA,NA,NA,NA,NA,NA,NA,NA,NA,NA,NA,NA,NA,NA,NA,NA,NA,NA,NA,0.00,NA,NA,NA
2025-12-30 00:00:00,NA,NA,NA,NA,NA,NA,NA,NA,NA,NA,NA,NA,NA,NA,NA,NA,NA,NA,NA,NA,0.00,NA,NA,NA
2025-12-31 00:00:00,NA,NA,NA,NA,NA,NA,NA,NA,NA,NA,NA,NA,NA,NA,NA,NA,NA,NA,NA,NA,0.00,NA,NA,NA
